,rxns,[OH][CH]([OH])[C](=[O])[O-],[OH-],[O-][C](=[O])[O-],[C]([O-])=[O],[O][O],[O-][C](=[O])[OH],[O]=[CH][C](=[O])[OH],[O][OH],[OH3+],[OH][C]([OH])[C](=[O])[OH],[O-][C](=[O])[O],[OH][C](=[O])[C](=[O])[OH],[CH]([O-])=[O],[OH],[OH][CH]([OH])[C](=[O])[OH],[OH][C](=[O])[C](=[O])[O-],[OH][CH]([OH])[CH]([O][O])[OH],[OH][CH]([OH])[CH]=[O],[O-][C](=[O])[C](=[O])[O-],[O]=[CH][C](=[O])[O-],[OH][CH]([OH])[CH]([O])[OH],[O][O-],[O]=[C]=[O],[OH2],[CH]([OH])=[O],[OH][C]([OH])[C](=[O])[O-],[OH][CH]([OH])[CH]([OH])[OH],[OH][OH],[OH][CH]([OH])[C]([OH])[OH],[CH]([OH])[OH],[C]([OH])=[O]
0,[OH]+[OH]+->[OH][OH]+++,0.0,0.0,0.0,0.0,0.0,0.0,0.0,0.0,0.0,0.0,0.0,0.0,0.0,-2.0,0.0,0.0,0.0,0.0,0.0,0.0,0.0,0.0,0.0,0.0,0.0,0.0,0.0,1.0,0.0,0.0,0.0
1,[O][OH]+[O][OH]+->[OH][OH]+[O][O]++,0.0,0.0,0.0,0.0,1.0,0.0,0.0,-2.0,0.0,0.0,0.0,0.0,0.0,0.0,0.0,0.0,0.0,0.0,0.0,0.0,0.0,0.0,0.0,0.0,0.0,0.0,0.0,1.0,0.0,0.0,0.0
2,[O][OH]+[O][O-]+[OH2]->[OH][OH]+[O][O]+[OH-]+,0.0,1.0,0.0,0.0,1.0,0.0,0.0,-1.0,0.0,0.0,0.0,0.0,0.0,0.0,0.0,0.0,0.0,0.0,0.0,0.0,0.0,-1.0,0.0,-1.0,0.0,0.0,0.0,1.0,0.0,0.0,0.0
3,[OH]+[O][OH]+->[OH2]+[O][O]++,0.0,0.0,0.0,0.0,1.0,0.0,0.0,-1.0,0.0,0.0,0.0,0.0,0.0,-1.0,0.0,0.0,0.0,0.0,0.0,0.0,0.0,0.0,0.0,1.0,0.0,0.0,0.0,0.0,0.0,0.0,0.0
4,[OH]+[OH][OH]+->[OH2]+[O][OH]++,0.0,0.0,0.0,0.0,0.0,0.0,0.0,1.0,0.0,0.0,0.0,0.0,0.0,-1.0,0.0,0.0,0.0,0.0,0.0,0.0,0.0,0.0,0.0,1.0,0.0,0.0,0.0,-1.0,0.0,0.0,0.0
5,[OH][CH]([OH])[CH]([OH])[OH]+[OH]+->[OH][CH]([OH])[C]([OH])[OH]+[OH2]++,0.0,0.0,0.0,0.0,0.0,0.0,0.0,0.0,0.0,0.0,0.0,0.0,0.0,-1.0,0.0,0.0,0.0,0.0,0.0,0.0,0.0,0.0,0.0,1.0,0.0,0.0,-1.0,0.0,1.0,0.0,0.0
6,[OH][CH]([OH])[C]([OH])[OH]+[O][O]+->[OH][CH]([OH])[C](=[O])[OH]+[O][OH]++,0.0,0.0,0.0,0.0,-1.0,0.0,0.0,1.0,0.0,0.0,0.0,0.0,0.0,0.0,1.0,0.0,0.0,0.0,0.0,0.0,0.0,0.0,0.0,0.0,0.0,0.0,0.0,0.0,-1.0,0.0,0.0
7,[OH][CH]([OH])[C](=[O])[OH]+[OH]+->[OH][C]([OH])[C](=[O])[OH]+[OH2]++,0.0,0.0,0.0,0.0,0.0,0.0,0.0,0.0,0.0,1.0,0.0,0.0,0.0,-1.0,-1.0,0.0,0.0,0.0,0.0,0.0,0.0,0.0,0.0,1.0,0.0,0.0,0.0,0.0,0.0,0.0,0.0
8,[OH][C]([OH])[C](=[O])[OH]+[O][O]+->[OH][C](=[O])[C](=[O])[OH]+[O][OH]++,0.0,0.0,0.0,0.0,-1.0,0.0,0.0,1.0,0.0,-1.0,0.0,1.0,0.0,0.0,0.0,0.0,0.0,0.0,0.0,0.0,0.0,0.0,0.0,0.0,0.0,0.0,0.0,0.0,0.0,0.0,0.0
9,[OH][CH]([OH])[C](=[O])[O-]+[OH]+->[OH][C]([OH])[C](=[O])[O-]+[OH2]++,-1.0,0.0,0.0,0.0,0.0,0.0,0.0,0.0,0.0,0.0,0.0,0.0,0.0,-1.0,0.0,0.0,0.0,0.0,0.0,0.0,0.0,0.0,0.0,1.0,0.0,1.0,0.0,0.0,0.0,0.0,0.0
10,[OH][C]([OH])[C](=[O])[O-]+[O][O]+->[OH][C](=[O])[C](=[O])[O-]+[O][OH]++,0.0,0.0,0.0,0.0,-1.0,0.0,0.0,1.0,0.0,0.0,0.0,0.0,0.0,0.0,0.0,1.0,0.0,0.0,0.0,0.0,0.0,0.0,0.0,0.0,0.0,-1.0,0.0,0.0,0.0,0.0,0.0
11,[CH]([OH])[OH]+[O][O]+->[CH]([OH])=[O]+[O][OH]++,0.0,0.0,0.0,0.0,-1.0,0.0,0.0,1.0,0.0,0.0,0.0,0.0,0.0,0.0,0.0,0.0,0.0,0.0,0.0,0.0,0.0,0.0,0.0,0.0,1.0,0.0,0.0,0.0,0.0,-1.0,0.0
12,[CH]([OH])=[O]+[OH]+->[C]([OH])=[O]+[OH2]++,0.0,0.0,0.0,0.0,0.0,0.0,0.0,0.0,0.0,0.0,0.0,0.0,0.0,-1.0,0.0,0.0,0.0,0.0,0.0,0.0,0.0,0.0,0.0,1.0,-1.0,0.0,0.0,0.0,0.0,0.0,1.0
13,[C]([OH])=[O]+[O][O]+->[O]=[C]=[O]+[O][OH]++,0.0,0.0,0.0,0.0,-1.0,0.0,0.0,1.0,0.0,0.0,0.0,0.0,0.0,0.0,0.0,0.0,0.0,0.0,0.0,0.0,0.0,0.0,1.0,0.0,0.0,0.0,0.0,0.0,0.0,0.0,-1.0
14,[CH]([O-])=[O]+[OH]+->[C]([O-])=[O]+[OH2]++,0.0,0.0,0.0,1.0,0.0,0.0,0.0,0.0,0.0,0.0,0.0,0.0,-1.0,-1.0,0.0,0.0,0.0,0.0,0.0,0.0,0.0,0.0,0.0,1.0,0.0,0.0,0.0,0.0,0.0,0.0,0.0
15,[C]([O-])=[O]+[O][O]+->[O]=[C]=[O]+[O][O-]++,0.0,0.0,0.0,-1.0,-1.0,0.0,0.0,0.0,0.0,0.0,0.0,0.0,0.0,0.0,0.0,0.0,0.0,0.0,0.0,0.0,0.0,1.0,1.0,0.0,0.0,0.0,0.0,0.0,0.0,0.0,0.0
16,[OH][CH]([OH])[C](=[O])[OH]++->[O]=[CH][C](=[O])[OH]+[OH2]++,0.0,0.0,0.0,0.0,0.0,0.0,1.0,0.0,0.0,0.0,0.0,0.0,0.0,0.0,-1.0,0.0,0.0,0.0,0.0,0.0,0.0,0.0,0.0,1.0,0.0,0.0,0.0,0.0,0.0,0.0,0.0
17,[OH][CH]([OH])[C](=[O])[O-]++->[O]=[CH][C](=[O])[O-]+[OH2]++,-1.0,0.0,0.0,0.0,0.0,0.0,0.0,0.0,0.0,0.0,0.0,0.0,0.0,0.0,0.0,0.0,0.0,0.0,0.0,1.0,0.0,0.0,0.0,1.0,0.0,0.0,0.0,0.0,0.0,0.0,0.0
18,[O]=[CH][C](=[O])[O-]+[OH][OH]+->[CH]([O-])=[O]+[O]=[C]=[O]+[OH2]+,0.0,0.0,0.0,0.0,0.0,0.0,0.0,0.0,0.0,0.0,0.0,0.0,1.0,0.0,0.0,0.0,0.0,0.0,0.0,-1.0,0.0,0.0,1.0,1.0,0.0,0.0,0.0,-1.0,0.0,0.0,0.0
19,[OH][C](=[O])[C](=[O])[OH]+[OH]+->[C]([OH])=[O]+[O]=[C]=[O]+[OH2]+,0.0,0.0,0.0,0.0,0.0,0.0,0.0,0.0,0.0,0.0,0.0,-1.0,0.0,-1.0,0.0,0.0,0.0,0.0,0.0,0.0,0.0,0.0,1.0,1.0,0.0,0.0,0.0,0.0,0.0,0.0,1.0
20,[O-][C](=[O])[C](=[O])[O-]+[OH]+->[C]([O-])=[O]+[O]=[C]=[O]+[OH-]+,0.0,1.0,0.0,1.0,0.0,0.0,0.0,0.0,0.0,0.0,0.0,0.0,0.0,-1.0,0.0,0.0,0.0,0.0,-1.0,0.0,0.0,0.0,1.0,0.0,0.0,0.0,0.0,0.0,0.0,0.0,0.0
21,[OH][C](=[O])[C](=[O])[O-]+[OH]+->[C]([OH])=[O]+[O]=[C]=[O]+[OH-]+,0.0,1.0,0.0,0.0,0.0,0.0,0.0,0.0,0.0,0.0,0.0,0.0,0.0,-1.0,0.0,-1.0,0.0,0.0,0.0,0.0,0.0,0.0,1.0,0.0,0.0,0.0,0.0,0.0,0.0,0.0,1.0
22,[O]=[C]=[O]+[OH2]+[OH2]->[O-][C](=[O])[OH]+[OH3+]++,0.0,0.0,0.0,0.0,0.0,1.0,0.0,0.0,1.0,0.0,0.0,0.0,0.0,0.0,0.0,0.0,0.0,0.0,0.0,0.0,0.0,0.0,-1.0,-2.0,0.0,0.0,0.0,0.0,0.0,0.0,0.0
23,[O-][C](=[O])[OH]+[OH]+->[O-][C](=[O])[O]+[OH2]++,0.0,0.0,0.0,0.0,0.0,-1.0,0.0,0.0,0.0,0.0,1.0,0.0,0.0,-1.0,0.0,0.0,0.0,0.0,0.0,0.0,0.0,0.0,0.0,1.0,0.0,0.0,0.0,0.0,0.0,0.0,0.0
24,[O-][C](=[O])[O]+[OH][OH]+->[O-][C](=[O])[OH]+[O][OH]++,0.0,0.0,0.0,0.0,0.0,1.0,0.0,1.0,0.0,0.0,-1.0,0.0,0.0,0.0,0.0,0.0,0.0,0.0,0.0,0.0,0.0,0.0,0.0,0.0,0.0,0.0,0.0,-1.0,0.0,0.0,0.0
25,[OH][CH]([OH])[CH]([OH])[OH]++->[OH][CH]([OH])[CH]=[O]+[OH2]++,0.0,0.0,0.0,0.0,0.0,0.0,0.0,0.0,0.0,0.0,0.0,0.0,0.0,0.0,0.0,0.0,0.0,1.0,0.0,0.0,0.0,0.0,0.0,1.0,0.0,0.0,-1.0,0.0,0.0,0.0,0.0
26,[OH][CH]([OH])[CH]=[O]+[O][O-]+[OH2]->[OH][CH]([OH])[CH]([O][O])[OH]+[OH-]++,0.0,1.0,0.0,0.0,0.0,0.0,0.0,0.0,0.0,0.0,0.0,0.0,0.0,0.0,0.0,0.0,1.0,-1.0,0.0,0.0,0.0,-1.0,0.0,-1.0,0.0,0.0,0.0,0.0,0.0,0.0,0.0
27,[OH][CH]([OH])[CH]([O][O])[OH]+[OH][CH]([OH])[CH]([O][O])[OH]+->[OH][CH]([OH])[CH]([O])[OH]+[OH][CH]([OH])[CH]([O])[OH]+[O][O]+,0.0,0.0,0.0,0.0,1.0,0.0,0.0,0.0,0.0,0.0,0.0,0.0,0.0,0.0,0.0,0.0,-2.0,0.0,0.0,0.0,2.0,0.0,0.0,0.0,0.0,0.0,0.0,0.0,0.0,0.0,0.0
28,[OH][CH]([OH])[CH]([O])[OH]++->[CH]([OH])=[O]+[CH]([OH])[OH]++,0.0,0.0,0.0,0.0,0.0,0.0,0.0,0.0,0.0,0.0,0.0,0.0,0.0,0.0,0.0,0.0,0.0,0.0,0.0,0.0,-1.0,0.0,0.0,0.0,1.0,0.0,0.0,0.0,0.0,1.0,0.0
29,[OH][CH]([OH])[C](=[O])[OH]+[OH2]+->[OH][CH]([OH])[C](=[O])[O-]+[OH3+]++,1.0,0.0,0.0,0.0,0.0,0.0,0.0,0.0,1.0,0.0,0.0,0.0,0.0,0.0,-1.0,0.0,0.0,0.0,0.0,0.0,0.0,0.0,0.0,-1.0,0.0,0.0,0.0,0.0,0.0,0.0,0.0
30,[OH][C](=[O])[C](=[O])[OH]+[OH2]+->[OH][C](=[O])[C](=[O])[O-]+[OH3+]++,0.0,0.0,0.0,0.0,0.0,0.0,0.0,0.0,1.0,0.0,0.0,-1.0,0.0,0.0,0.0,1.0,0.0,0.0,0.0,0.0,0.0,0.0,0.0,-1.0,0.0,0.0,0.0,0.0,0.0,0.0,0.0
31,[OH][C](=[O])[C](=[O])[O-]+[OH2]+->[O-][C](=[O])[C](=[O])[O-]+[OH3+]++,0.0,0.0,0.0,0.0,0.0,0.0,0.0,0.0,1.0,0.0,0.0,0.0,0.0,0.0,0.0,-1.0,0.0,0.0,1.0,0.0,0.0,0.0,0.0,-1.0,0.0,0.0,0.0,0.0,0.0,0.0,0.0
32,[CH]([OH])=[O]+[OH2]+->[CH]([O-])=[O]+[OH3+]++,0.0,0.0,0.0,0.0,0.0,0.0,0.0,0.0,1.0,0.0,0.0,0.0,1.0,0.0,0.0,0.0,0.0,0.0,0.0,0.0,0.0,0.0,0.0,-1.0,-1.0,0.0,0.0,0.0,0.0,0.0,0.0
33,[O-][C](=[O])[OH]+[OH2]+->[O-][C](=[O])[O-]+[OH3+]++,0.0,0.0,1.0,0.0,0.0,-1.0,0.0,0.0,1.0,0.0,0.0,0.0,0.0,0.0,0.0,0.0,0.0,0.0,0.0,0.0,0.0,0.0,0.0,-1.0,0.0,0.0,0.0,0.0,0.0,0.0,0.0
34,[OH2]+[OH2]+->[OH-]+[OH3+]++,0.0,1.0,0.0,0.0,0.0,0.0,0.0,0.0,1.0,0.0,0.0,0.0,0.0,0.0,0.0,0.0,0.0,0.0,0.0,0.0,0.0,0.0,0.0,-2.0,0.0,0.0,0.0,0.0,0.0,0.0,0.0
35,[O][OH]+[OH2]+->[O][O-]+[OH3+]++,0.0,0.0,0.0,0.0,0.0,0.0,0.0,-1.0,1.0,0.0,0.0,0.0,0.0,0.0,0.0,0.0,0.0,0.0,0.0,0.0,0.0,1.0,0.0,-1.0,0.0,0.0,0.0,0.0,0.0,0.0,0.0
36,[OH]+[OH]+->[OH][OH]+++,-0.0,-0.0,-0.0,-0.0,-0.0,-0.0,-0.0,-0.0,-0.0,-0.0,-0.0,-0.0,-0.0,2.0,-0.0,-0.0,-0.0,-0.0,-0.0,-0.0,-0.0,-0.0,-0.0,-0.0,-0.0,-0.0,-0.0,-1.0,-0.0,-0.0,-0.0
37,[O][OH]+[O][OH]+->[OH][OH]+[O][O]++,-0.0,-0.0,-0.0,-0.0,-1.0,-0.0,-0.0,2.0,-0.0,-0.0,-0.0,-0.0,-0.0,-0.0,-0.0,-0.0,-0.0,-0.0,-0.0,-0.0,-0.0,-0.0,-0.0,-0.0,-0.0,-0.0,-0.0,-1.0,-0.0,-0.0,-0.0
38,[O][OH]+[O][O-]+[OH2]->[OH][OH]+[O][O]+[OH-]+,-0.0,-1.0,-0.0,-0.0,-1.0,-0.0,-0.0,1.0,-0.0,-0.0,-0.0,-0.0,-0.0,-0.0,-0.0,-0.0,-0.0,-0.0,-0.0,-0.0,-0.0,1.0,-0.0,1.0,-0.0,-0.0,-0.0,-1.0,-0.0,-0.0,-0.0
39,[OH]+[O][OH]+->[OH2]+[O][O]++,-0.0,-0.0,-0.0,-0.0,-1.0,-0.0,-0.0,1.0,-0.0,-0.0,-0.0,-0.0,-0.0,1.0,-0.0,-0.0,-0.0,-0.0,-0.0,-0.0,-0.0,-0.0,-0.0,-1.0,-0.0,-0.0,-0.0,-0.0,-0.0,-0.0,-0.0
40,[OH]+[OH][OH]+->[OH2]+[O][OH]++,-0.0,-0.0,-0.0,-0.0,-0.0,-0.0,-0.0,-1.0,-0.0,-0.0,-0.0,-0.0,-0.0,1.0,-0.0,-0.0,-0.0,-0.0,-0.0,-0.0,-0.0,-0.0,-0.0,-1.0,-0.0,-0.0,-0.0,1.0,-0.0,-0.0,-0.0
41,[OH][CH]([OH])[CH]([OH])[OH]+[OH]+->[OH][CH]([OH])[C]([OH])[OH]+[OH2]++,-0.0,-0.0,-0.0,-0.0,-0.0,-0.0,-0.0,-0.0,-0.0,-0.0,-0.0,-0.0,-0.0,1.0,-0.0,-0.0,-0.0,-0.0,-0.0,-0.0,-0.0,-0.0,-0.0,-1.0,-0.0,-0.0,1.0,-0.0,-1.0,-0.0,-0.0
42,[OH][CH]([OH])[C]([OH])[OH]+[O][O]+->[OH][CH]([OH])[C](=[O])[OH]+[O][OH]++,-0.0,-0.0,-0.0,-0.0,1.0,-0.0,-0.0,-1.0,-0.0,-0.0,-0.0,-0.0,-0.0,-0.0,-1.0,-0.0,-0.0,-0.0,-0.0,-0.0,-0.0,-0.0,-0.0,-0.0,-0.0,-0.0,-0.0,-0.0,1.0,-0.0,-0.0
43,[OH][CH]([OH])[C](=[O])[OH]+[OH]+->[OH][C]([OH])[C](=[O])[OH]+[OH2]++,-0.0,-0.0,-0.0,-0.0,-0.0,-0.0,-0.0,-0.0,-0.0,-1.0,-0.0,-0.0,-0.0,1.0,1.0,-0.0,-0.0,-0.0,-0.0,-0.0,-0.0,-0.0,-0.0,-1.0,-0.0,-0.0,-0.0,-0.0,-0.0,-0.0,-0.0
44,[OH][C]([OH])[C](=[O])[OH]+[O][O]+->[OH][C](=[O])[C](=[O])[OH]+[O][OH]++,-0.0,-0.0,-0.0,-0.0,1.0,-0.0,-0.0,-1.0,-0.0,1.0,-0.0,-1.0,-0.0,-0.0,-0.0,-0.0,-0.0,-0.0,-0.0,-0.0,-0.0,-0.0,-0.0,-0.0,-0.0,-0.0,-0.0,-0.0,-0.0,-0.0,-0.0
45,[OH][CH]([OH])[C](=[O])[O-]+[OH]+->[OH][C]([OH])[C](=[O])[O-]+[OH2]++,1.0,-0.0,-0.0,-0.0,-0.0,-0.0,-0.0,-0.0,-0.0,-0.0,-0.0,-0.0,-0.0,1.0,-0.0,-0.0,-0.0,-0.0,-0.0,-0.0,-0.0,-0.0,-0.0,-1.0,-0.0,-1.0,-0.0,-0.0,-0.0,-0.0,-0.0
46,[OH][C]([OH])[C](=[O])[O-]+[O][O]+->[OH][C](=[O])[C](=[O])[O-]+[O][OH]++,-0.0,-0.0,-0.0,-0.0,1.0,-0.0,-0.0,-1.0,-0.0,-0.0,-0.0,-0.0,-0.0,-0.0,-0.0,-1.0,-0.0,-0.0,-0.0,-0.0,-0.0,-0.0,-0.0,-0.0,-0.0,1.0,-0.0,-0.0,-0.0,-0.0,-0.0
47,[CH]([OH])[OH]+[O][O]+->[CH]([OH])=[O]+[O][OH]++,-0.0,-0.0,-0.0,-0.0,1.0,-0.0,-0.0,-1.0,-0.0,-0.0,-0.0,-0.0,-0.0,-0.0,-0.0,-0.0,-0.0,-0.0,-0.0,-0.0,-0.0,-0.0,-0.0,-0.0,-1.0,-0.0,-0.0,-0.0,-0.0,1.0,-0.0
48,[CH]([OH])=[O]+[OH]+->[C]([OH])=[O]+[OH2]++,-0.0,-0.0,-0.0,-0.0,-0.0,-0.0,-0.0,-0.0,-0.0,-0.0,-0.0,-0.0,-0.0,1.0,-0.0,-0.0,-0.0,-0.0,-0.0,-0.0,-0.0,-0.0,-0.0,-1.0,1.0,-0.0,-0.0,-0.0,-0.0,-0.0,-1.0
49,[C]([OH])=[O]+[O][O]+->[O]=[C]=[O]+[O][OH]++,-0.0,-0.0,-0.0,-0.0,1.0,-0.0,-0.0,-1.0,-0.0,-0.0,-0.0,-0.0,-0.0,-0.0,-0.0,-0.0,-0.0,-0.0,-0.0,-0.0,-0.0,-0.0,-1.0,-0.0,-0.0,-0.0,-0.0,-0.0,-0.0,-0.0,1.0
50,[CH]([O-])=[O]+[OH]+->[C]([O-])=[O]+[OH2]++,-0.0,-0.0,-0.0,-1.0,-0.0,-0.0,-0.0,-0.0,-0.0,-0.0,-0.0,-0.0,1.0,1.0,-0.0,-0.0,-0.0,-0.0,-0.0,-0.0,-0.0,-0.0,-0.0,-1.0,-0.0,-0.0,-0.0,-0.0,-0.0,-0.0,-0.0
51,[C]([O-])=[O]+[O][O]+->[O]=[C]=[O]+[O][O-]++,-0.0,-0.0,-0.0,1.0,1.0,-0.0,-0.0,-0.0,-0.0,-0.0,-0.0,-0.0,-0.0,-0.0,-0.0,-0.0,-0.0,-0.0,-0.0,-0.0,-0.0,-1.0,-1.0,-0.0,-0.0,-0.0,-0.0,-0.0,-0.0,-0.0,-0.0
52,[OH][CH]([OH])[C](=[O])[OH]++->[O]=[CH][C](=[O])[OH]+[OH2]++,-0.0,-0.0,-0.0,-0.0,-0.0,-0.0,-1.0,-0.0,-0.0,-0.0,-0.0,-0.0,-0.0,-0.0,1.0,-0.0,-0.0,-0.0,-0.0,-0.0,-0.0,-0.0,-0.0,-1.0,-0.0,-0.0,-0.0,-0.0,-0.0,-0.0,-0.0
53,[OH][CH]([OH])[C](=[O])[O-]++->[O]=[CH][C](=[O])[O-]+[OH2]++,1.0,-0.0,-0.0,-0.0,-0.0,-0.0,-0.0,-0.0,-0.0,-0.0,-0.0,-0.0,-0.0,-0.0,-0.0,-0.0,-0.0,-0.0,-0.0,-1.0,-0.0,-0.0,-0.0,-1.0,-0.0,-0.0,-0.0,-0.0,-0.0,-0.0,-0.0
54,[O]=[CH][C](=[O])[O-]+[OH][OH]+->[CH]([O-])=[O]+[O]=[C]=[O]+[OH2]+,-0.0,-0.0,-0.0,-0.0,-0.0,-0.0,-0.0,-0.0,-0.0,-0.0,-0.0,-0.0,-1.0,-0.0,-0.0,-0.0,-0.0,-0.0,-0.0,1.0,-0.0,-0.0,-1.0,-1.0,-0.0,-0.0,-0.0,1.0,-0.0,-0.0,-0.0
55,[OH][C](=[O])[C](=[O])[OH]+[OH]+->[C]([OH])=[O]+[O]=[C]=[O]+[OH2]+,-0.0,-0.0,-0.0,-0.0,-0.0,-0.0,-0.0,-0.0,-0.0,-0.0,-0.0,1.0,-0.0,1.0,-0.0,-0.0,-0.0,-0.0,-0.0,-0.0,-0.0,-0.0,-1.0,-1.0,-0.0,-0.0,-0.0,-0.0,-0.0,-0.0,-1.0
56,[O-][C](=[O])[C](=[O])[O-]+[OH]+->[C]([O-])=[O]+[O]=[C]=[O]+[OH-]+,-0.0,-1.0,-0.0,-1.0,-0.0,-0.0,-0.0,-0.0,-0.0,-0.0,-0.0,-0.0,-0.0,1.0,-0.0,-0.0,-0.0,-0.0,1.0,-0.0,-0.0,-0.0,-1.0,-0.0,-0.0,-0.0,-0.0,-0.0,-0.0,-0.0,-0.0
57,[OH][C](=[O])[C](=[O])[O-]+[OH]+->[C]([OH])=[O]+[O]=[C]=[O]+[OH-]+,-0.0,-1.0,-0.0,-0.0,-0.0,-0.0,-0.0,-0.0,-0.0,-0.0,-0.0,-0.0,-0.0,1.0,-0.0,1.0,-0.0,-0.0,-0.0,-0.0,-0.0,-0.0,-1.0,-0.0,-0.0,-0.0,-0.0,-0.0,-0.0,-0.0,-1.0
58,[O]=[C]=[O]+[OH2]+[OH2]->[O-][C](=[O])[OH]+[OH3+]++,-0.0,-0.0,-0.0,-0.0,-0.0,-1.0,-0.0,-0.0,-1.0,-0.0,-0.0,-0.0,-0.0,-0.0,-0.0,-0.0,-0.0,-0.0,-0.0,-0.0,-0.0,-0.0,1.0,2.0,-0.0,-0.0,-0.0,-0.0,-0.0,-0.0,-0.0
59,[O-][C](=[O])[OH]+[OH]+->[O-][C](=[O])[O]+[OH2]++,-0.0,-0.0,-0.0,-0.0,-0.0,1.0,-0.0,-0.0,-0.0,-0.0,-1.0,-0.0,-0.0,1.0,-0.0,-0.0,-0.0,-0.0,-0.0,-0.0,-0.0,-0.0,-0.0,-1.0,-0.0,-0.0,-0.0,-0.0,-0.0,-0.0,-0.0
60,[O-][C](=[O])[O]+[OH][OH]+->[O-][C](=[O])[OH]+[O][OH]++,-0.0,-0.0,-0.0,-0.0,-0.0,-1.0,-0.0,-1.0,-0.0,-0.0,1.0,-0.0,-0.0,-0.0,-0.0,-0.0,-0.0,-0.0,-0.0,-0.0,-0.0,-0.0,-0.0,-0.0,-0.0,-0.0,-0.0,1.0,-0.0,-0.0,-0.0
61,[OH][CH]([OH])[CH]([OH])[OH]++->[OH][CH]([OH])[CH]=[O]+[OH2]++,-0.0,-0.0,-0.0,-0.0,-0.0,-0.0,-0.0,-0.0,-0.0,-0.0,-0.0,-0.0,-0.0,-0.0,-0.0,-0.0,-0.0,-1.0,-0.0,-0.0,-0.0,-0.0,-0.0,-1.0,-0.0,-0.0,1.0,-0.0,-0.0,-0.0,-0.0
62,[OH][CH]([OH])[CH]=[O]+[O][O-]+[OH2]->[OH][CH]([OH])[CH]([O][O])[OH]+[OH-]++,-0.0,-1.0,-0.0,-0.0,-0.0,-0.0,-0.0,-0.0,-0.0,-0.0,-0.0,-0.0,-0.0,-0.0,-0.0,-0.0,-1.0,1.0,-0.0,-0.0,-0.0,1.0,-0.0,1.0,-0.0,-0.0,-0.0,-0.0,-0.0,-0.0,-0.0
63,[OH][CH]([OH])[CH]([O][O])[OH]+[OH][CH]([OH])[CH]([O][O])[OH]+->[OH][CH]([OH])[CH]([O])[OH]+[OH][CH]([OH])[CH]([O])[OH]+[O][O]+,-0.0,-0.0,-0.0,-0.0,-1.0,-0.0,-0.0,-0.0,-0.0,-0.0,-0.0,-0.0,-0.0,-0.0,-0.0,-0.0,2.0,-0.0,-0.0,-0.0,-2.0,-0.0,-0.0,-0.0,-0.0,-0.0,-0.0,-0.0,-0.0,-0.0,-0.0
64,[OH][CH]([OH])[CH]([O])[OH]++->[CH]([OH])=[O]+[CH]([OH])[OH]++,-0.0,-0.0,-0.0,-0.0,-0.0,-0.0,-0.0,-0.0,-0.0,-0.0,-0.0,-0.0,-0.0,-0.0,-0.0,-0.0,-0.0,-0.0,-0.0,-0.0,1.0,-0.0,-0.0,-0.0,-1.0,-0.0,-0.0,-0.0,-0.0,-1.0,-0.0
65,[OH][CH]([OH])[C](=[O])[OH]+[OH2]+->[OH][CH]([OH])[C](=[O])[O-]+[OH3+]++,-1.0,-0.0,-0.0,-0.0,-0.0,-0.0,-0.0,-0.0,-1.0,-0.0,-0.0,-0.0,-0.0,-0.0,1.0,-0.0,-0.0,-0.0,-0.0,-0.0,-0.0,-0.0,-0.0,1.0,-0.0,-0.0,-0.0,-0.0,-0.0,-0.0,-0.0
66,[OH][C](=[O])[C](=[O])[OH]+[OH2]+->[OH][C](=[O])[C](=[O])[O-]+[OH3+]++,-0.0,-0.0,-0.0,-0.0,-0.0,-0.0,-0.0,-0.0,-1.0,-0.0,-0.0,1.0,-0.0,-0.0,-0.0,-1.0,-0.0,-0.0,-0.0,-0.0,-0.0,-0.0,-0.0,1.0,-0.0,-0.0,-0.0,-0.0,-0.0,-0.0,-0.0
67,[OH][C](=[O])[C](=[O])[O-]+[OH2]+->[O-][C](=[O])[C](=[O])[O-]+[OH3+]++,-0.0,-0.0,-0.0,-0.0,-0.0,-0.0,-0.0,-0.0,-1.0,-0.0,-0.0,-0.0,-0.0,-0.0,-0.0,1.0,-0.0,-0.0,-1.0,-0.0,-0.0,-0.0,-0.0,1.0,-0.0,-0.0,-0.0,-0.0,-0.0,-0.0,-0.0
68,[CH]([OH])=[O]+[OH2]+->[CH]([O-])=[O]+[OH3+]++,-0.0,-0.0,-0.0,-0.0,-0.0,-0.0,-0.0,-0.0,-1.0,-0.0,-0.0,-0.0,-1.0,-0.0,-0.0,-0.0,-0.0,-0.0,-0.0,-0.0,-0.0,-0.0,-0.0,1.0,1.0,-0.0,-0.0,-0.0,-0.0,-0.0,-0.0
69,[O-][C](=[O])[OH]+[OH2]+->[O-][C](=[O])[O-]+[OH3+]++,-0.0,-0.0,-1.0,-0.0,-0.0,1.0,-0.0,-0.0,-1.0,-0.0,-0.0,-0.0,-0.0,-0.0,-0.0,-0.0,-0.0,-0.0,-0.0,-0.0,-0.0,-0.0,-0.0,1.0,-0.0,-0.0,-0.0,-0.0,-0.0,-0.0,-0.0
70,[OH2]+[OH2]+->[OH-]+[OH3+]++,-0.0,-1.0,-0.0,-0.0,-0.0,-0.0,-0.0,-0.0,-1.0,-0.0,-0.0,-0.0,-0.0,-0.0,-0.0,-0.0,-0.0,-0.0,-0.0,-0.0,-0.0,-0.0,-0.0,2.0,-0.0,-0.0,-0.0,-0.0,-0.0,-0.0,-0.0
71,[O][OH]+[OH2]+->[O][O-]+[OH3+]++,-0.0,-0.0,-0.0,-0.0,-0.0,-0.0,-0.0,1.0,-1.0,-0.0,-0.0,-0.0,-0.0,-0.0,-0.0,-0.0,-0.0,-0.0,-0.0,-0.0,-0.0,-1.0,-0.0,1.0,-0.0,-0.0,-0.0,-0.0,-0.0,-0.0,-0.0
